<?xml version="1.0"?>
<data><checklist><item0><id><![CDATA[1459717]]></id><project_id><![CDATA[41297]]></project_id><name><![CDATA[Операции с личными событиями (функциональное)]]></name><description><![CDATA[]]></description><abbreviation><![CDATA[KWO]]></abbreviation><regularity_id><![CDATA[1]]></regularity_id><is_deleted><![CDATA[]]></is_deleted><status><![CDATA[1]]></status><completed><![CDATA[100]]></completed><type_id><![CDATA[2]]></type_id><use_tags><![CDATA[0]]></use_tags><parent><![CDATA[0]]></parent><is_folder><![CDATA[0]]></is_folder><child><![CDATA[0]]></child><versionof><![CDATA[0]]></versionof><creator><![CDATA[0]]></creator><sort><![CDATA[0]]></sort><complexity><![CDATA[0.00]]></complexity><is_template><![CDATA[0]]></is_template><created_at><![CDATA[2023-03-21 10:08:30]]></created_at><updated_at><![CDATA[2023-03-21 17:43:52]]></updated_at></item0><item1><id><![CDATA[1460936]]></id><project_id><![CDATA[41297]]></project_id><name><![CDATA[Регресс в итоговом проекте]]></name><description><![CDATA[]]></description><abbreviation><![CDATA[RIP]]></abbreviation><regularity_id><![CDATA[1]]></regularity_id><is_deleted><![CDATA[]]></is_deleted><status><![CDATA[1]]></status><completed><![CDATA[100]]></completed><type_id><![CDATA[2]]></type_id><use_tags><![CDATA[0]]></use_tags><parent><![CDATA[0]]></parent><is_folder><![CDATA[0]]></is_folder><child><![CDATA[0]]></child><versionof><![CDATA[0]]></versionof><creator><![CDATA[0]]></creator><sort><![CDATA[0]]></sort><complexity><![CDATA[0.00]]></complexity><is_template><![CDATA[0]]></is_template><created_at><![CDATA[2023-03-22 19:46:23]]></created_at><updated_at><![CDATA[2023-03-22 20:41:25]]></updated_at></item1></checklist><checklist_group><item0><id><![CDATA[8822775]]></id><checklist_id><![CDATA[1459717]]></checklist_id><name><![CDATA[Добавление личных событий]]></name><description><![CDATA[]]></description><sort><![CDATA[1]]></sort><type><![CDATA[0]]></type></item0><item1><id><![CDATA[8823931]]></id><checklist_id><![CDATA[1459717]]></checklist_id><name><![CDATA[Удаление личных событий]]></name><description><![CDATA[]]></description><sort><![CDATA[2]]></sort><type><![CDATA[0]]></type></item1><item2><id><![CDATA[8823932]]></id><checklist_id><![CDATA[1459717]]></checklist_id><name><![CDATA[Редактирование личных событий]]></name><description><![CDATA[]]></description><sort><![CDATA[3]]></sort><type><![CDATA[0]]></type></item2><item3><id><![CDATA[8823933]]></id><checklist_id><![CDATA[1459717]]></checklist_id><name><![CDATA[Совмещение личного события и урока]]></name><description><![CDATA[]]></description><sort><![CDATA[4]]></sort><type><![CDATA[0]]></type></item3><item4><id><![CDATA[8828626]]></id><checklist_id><![CDATA[1460936]]></checklist_id><name><![CDATA[Перенос назначенных уроков]]></name><description><![CDATA[]]></description><sort><![CDATA[1]]></sort><type><![CDATA[0]]></type></item4><item5><id><![CDATA[8828869]]></id><checklist_id><![CDATA[1460936]]></checklist_id><name><![CDATA[Отмена назначенных уроков]]></name><description><![CDATA[]]></description><sort><![CDATA[2]]></sort><type><![CDATA[0]]></type></item5></checklist_group><requirement_links/><checklist_option><item0><id><![CDATA[53782429]]></id><tid><![CDATA[KWO1]]></tid><checklist_group_id><![CDATA[8822775]]></checklist_group_id><action><![CDATA[Кликнуть в слот, чтобы добавить событие]]></action><result><![CDATA[Откроется окно, для введения данных события]]></result><priority_id><![CDATA[2]]></priority_id><sort><![CDATA[1]]></sort><todo_status><![CDATA[0]]></todo_status></item0><item1><id><![CDATA[53786471]]></id><tid><![CDATA[KWO2]]></tid><checklist_group_id><![CDATA[8822775]]></checklist_group_id><action><![CDATA[Нажать на плюс, чтобы добавить событие]]></action><result><![CDATA[Откроется окно, для введения данных события]]></result><priority_id><![CDATA[2]]></priority_id><sort><![CDATA[2]]></sort><todo_status><![CDATA[0]]></todo_status></item1><item2><id><![CDATA[53786472]]></id><tid><![CDATA[KWO3]]></tid><checklist_group_id><![CDATA[8822775]]></checklist_group_id><action><![CDATA[Ввод валидных данных в поле "Название"]]></action><result><![CDATA[Допускается количество символов 1, 39, 40]]></result><priority_id><![CDATA[2]]></priority_id><sort><![CDATA[3]]></sort><todo_status><![CDATA[0]]></todo_status></item2><item3><id><![CDATA[53786473]]></id><tid><![CDATA[KWO4]]></tid><checklist_group_id><![CDATA[8822775]]></checklist_group_id><action><![CDATA[Ввод невалидных значений в поле "Название"]]></action><result><![CDATA[Не допускается количество символов -0, 41]]></result><priority_id><![CDATA[2]]></priority_id><sort><![CDATA[4]]></sort><todo_status><![CDATA[0]]></todo_status></item3><item4><id><![CDATA[53786474]]></id><tid><![CDATA[KWO5]]></tid><checklist_group_id><![CDATA[8822775]]></checklist_group_id><action><![CDATA[Ввод валидных значений в поле "Дата"]]></action><result><![CDATA[Допускается введение прошлого дня, текущего дня, будущего дня]]></result><priority_id><![CDATA[2]]></priority_id><sort><![CDATA[5]]></sort><todo_status><![CDATA[0]]></todo_status></item4><item5><id><![CDATA[53786475]]></id><tid><![CDATA[KWO6]]></tid><checklist_group_id><![CDATA[8822775]]></checklist_group_id><action><![CDATA[Ввод валидных значений в поле "Время"]]></action><result><![CDATA[Допускается формат 00:00-23:59, 23:45-01.30]]></result><priority_id><![CDATA[2]]></priority_id><sort><![CDATA[6]]></sort><todo_status><![CDATA[0]]></todo_status></item5><item6><id><![CDATA[53786476]]></id><tid><![CDATA[KWO7]]></tid><checklist_group_id><![CDATA[8822775]]></checklist_group_id><action><![CDATA[Ввод невалидных значений в поле "Время"]]></action><result><![CDATA[Не допускается формат 15:60-17.00, 13.40- 24:00]]></result><priority_id><![CDATA[2]]></priority_id><sort><![CDATA[7]]></sort><todo_status><![CDATA[0]]></todo_status></item6><item7><id><![CDATA[53786477]]></id><tid><![CDATA[KWO8]]></tid><checklist_group_id><![CDATA[8822775]]></checklist_group_id><action><![CDATA[Ввод валидных значений в поле "Описание"]]></action><result><![CDATA[Доступны маркдауны и ссылки, количество символов-0, 1, 499, 500]]></result><priority_id><![CDATA[2]]></priority_id><sort><![CDATA[8]]></sort><todo_status><![CDATA[0]]></todo_status></item7><item8><id><![CDATA[53786478]]></id><tid><![CDATA[KWO9]]></tid><checklist_group_id><![CDATA[8822775]]></checklist_group_id><action><![CDATA[Ввод невалидных значений в поле "Описание"]]></action><result><![CDATA[Нельзя вставлять картинки, не допускается количество символов 501 и более]]></result><priority_id><![CDATA[2]]></priority_id><sort><![CDATA[9]]></sort><todo_status><![CDATA[0]]></todo_status></item8><item9><id><![CDATA[53786479]]></id><tid><![CDATA[KWO10]]></tid><checklist_group_id><![CDATA[8822775]]></checklist_group_id><action><![CDATA[Цвет события]]></action><result><![CDATA[Серый по умолчанию]]></result><priority_id><![CDATA[2]]></priority_id><sort><![CDATA[10]]></sort><todo_status><![CDATA[0]]></todo_status></item9><item10><id><![CDATA[53786480]]></id><tid><![CDATA[KWO11]]></tid><checklist_group_id><![CDATA[8822775]]></checklist_group_id><action><![CDATA[Кнопка "Сохранить"]]></action><result><![CDATA[После ввода данных , нажать на "Сохранить", событие сохранится]]></result><priority_id><![CDATA[2]]></priority_id><sort><![CDATA[11]]></sort><todo_status><![CDATA[0]]></todo_status></item10><item11><id><![CDATA[53787048]]></id><tid><![CDATA[KWO12]]></tid><checklist_group_id><![CDATA[8823931]]></checklist_group_id><action><![CDATA[Кнопка "Удалить"]]></action><result><![CDATA[Кликнуть на созданное событие и нажать "Удалить". Событие удалится]]></result><priority_id><![CDATA[2]]></priority_id><sort><![CDATA[12]]></sort><todo_status><![CDATA[0]]></todo_status></item11><item12><id><![CDATA[53787049]]></id><tid><![CDATA[KWO13]]></tid><checklist_group_id><![CDATA[8823932]]></checklist_group_id><action><![CDATA[Кнопка "Редактировать"]]></action><result><![CDATA[Кликнуть на событие и нажать "Редактировать". Откроется окно для редактирования данных события.]]></result><priority_id><![CDATA[2]]></priority_id><sort><![CDATA[13]]></sort><todo_status><![CDATA[0]]></todo_status></item12><item13><id><![CDATA[53787050]]></id><tid><![CDATA[KWO14]]></tid><checklist_group_id><![CDATA[8823932]]></checklist_group_id><action><![CDATA[Изменение текста в поле "Название"]]></action><result><![CDATA[Название изменится]]></result><priority_id><![CDATA[2]]></priority_id><sort><![CDATA[14]]></sort><todo_status><![CDATA[0]]></todo_status></item13><item14><id><![CDATA[53787051]]></id><tid><![CDATA[KWO15]]></tid><checklist_group_id><![CDATA[8823932]]></checklist_group_id><action><![CDATA[Изменение цвета события]]></action><result><![CDATA[Выбрать из предложенных цветов нужный, цвет события изменится.]]></result><priority_id><![CDATA[2]]></priority_id><sort><![CDATA[15]]></sort><todo_status><![CDATA[0]]></todo_status></item14><item15><id><![CDATA[53787052]]></id><tid><![CDATA[KWO16]]></tid><checklist_group_id><![CDATA[8823932]]></checklist_group_id><action><![CDATA[Изменение текста в поле "Описание"]]></action><result><![CDATA[Текст изменится]]></result><priority_id><![CDATA[2]]></priority_id><sort><![CDATA[16]]></sort><todo_status><![CDATA[0]]></todo_status></item15><item16><id><![CDATA[53787053]]></id><tid><![CDATA[KWO17]]></tid><checklist_group_id><![CDATA[8823932]]></checklist_group_id><action><![CDATA[Изменение периода времени события]]></action><result><![CDATA[Время изменится]]></result><priority_id><![CDATA[2]]></priority_id><sort><![CDATA[17]]></sort><todo_status><![CDATA[0]]></todo_status></item16><item17><id><![CDATA[53787054]]></id><tid><![CDATA[KWO18]]></tid><checklist_group_id><![CDATA[8823932]]></checklist_group_id><action><![CDATA[Кнопка "Сохранить"]]></action><result><![CDATA[После изменения данных, нажать "Сохранить". Изменения сохранились]]></result><priority_id><![CDATA[2]]></priority_id><sort><![CDATA[18]]></sort><todo_status><![CDATA[0]]></todo_status></item17><item18><id><![CDATA[53787055]]></id><tid><![CDATA[KWO19]]></tid><checklist_group_id><![CDATA[8823933]]></checklist_group_id><action><![CDATA[Событие и урок совпадают по времени]]></action><result><![CDATA[Урок отображается всегда выше всего]]></result><priority_id><![CDATA[2]]></priority_id><sort><![CDATA[19]]></sort><todo_status><![CDATA[0]]></todo_status></item18><item19><id><![CDATA[53787056]]></id><tid><![CDATA[KWO20]]></tid><checklist_group_id><![CDATA[8823933]]></checklist_group_id><action><![CDATA[Два события происходят в одно время]]></action><result><![CDATA[Отображается выше то событие, которое создано последним.]]></result><priority_id><![CDATA[2]]></priority_id><sort><![CDATA[20]]></sort><todo_status><![CDATA[0]]></todo_status></item19><item20><id><![CDATA[53811011]]></id><tid><![CDATA[RIP1]]></tid><checklist_group_id><![CDATA[8828626]]></checklist_group_id><action><![CDATA[Нажать на созданный урок]]></action><result><![CDATA[Откроется окно с созданным уроком]]></result><priority_id><![CDATA[2]]></priority_id><sort><![CDATA[1]]></sort><todo_status><![CDATA[0]]></todo_status></item20><item21><id><![CDATA[53811950]]></id><tid><![CDATA[RIP2]]></tid><checklist_group_id><![CDATA[8828626]]></checklist_group_id><action><![CDATA[Нажать кнопку "Перенести"]]></action><result><![CDATA[Откроется окно, где можно изменить параметры для переноса урока]]></result><priority_id><![CDATA[2]]></priority_id><sort><![CDATA[2]]></sort><todo_status><![CDATA[0]]></todo_status></item21><item22><id><![CDATA[53811951]]></id><tid><![CDATA[RIP3]]></tid><checklist_group_id><![CDATA[8828626]]></checklist_group_id><action><![CDATA[Поле "Перенос по инициативе"]]></action><result><![CDATA[Обязательно выбрать из выпадающего списка нужный вариант]]></result><priority_id><![CDATA[2]]></priority_id><sort><![CDATA[3]]></sort><todo_status><![CDATA[0]]></todo_status></item22><item23><id><![CDATA[53811952]]></id><tid><![CDATA[RIP4]]></tid><checklist_group_id><![CDATA[8828626]]></checklist_group_id><action><![CDATA[Поле "День"]]></action><result><![CDATA[Из выпадающего списка выбрать день будущего времени]]></result><priority_id><![CDATA[2]]></priority_id><sort><![CDATA[4]]></sort><todo_status><![CDATA[0]]></todo_status></item23><item24><id><![CDATA[53811953]]></id><tid><![CDATA[RIP5]]></tid><checklist_group_id><![CDATA[8828626]]></checklist_group_id><action><![CDATA[Поле "День" невалидные значения]]></action><result><![CDATA[Не допускается дата прошлого, текущего дня]]></result><priority_id><![CDATA[2]]></priority_id><sort><![CDATA[5]]></sort><todo_status><![CDATA[0]]></todo_status></item24><item25><id><![CDATA[53811954]]></id><tid><![CDATA[RIP6]]></tid><checklist_group_id><![CDATA[8828626]]></checklist_group_id><action><![CDATA[Поле "Время"]]></action><result><![CDATA[Допускается формат 00:00, 01:00, 23:00]]></result><priority_id><![CDATA[2]]></priority_id><sort><![CDATA[6]]></sort><todo_status><![CDATA[0]]></todo_status></item25><item26><id><![CDATA[53811955]]></id><tid><![CDATA[RIP7]]></tid><checklist_group_id><![CDATA[8828626]]></checklist_group_id><action><![CDATA[Поле "Укажите причину переноса"]]></action><result><![CDATA[Обязательно выбрать из выпадающего списка нужный вариант]]></result><priority_id><![CDATA[2]]></priority_id><sort><![CDATA[7]]></sort><todo_status><![CDATA[0]]></todo_status></item26><item27><id><![CDATA[53811956]]></id><tid><![CDATA[RIP8]]></tid><checklist_group_id><![CDATA[8828626]]></checklist_group_id><action><![CDATA[Поле "Добавьте комментарий"]]></action><result><![CDATA[При выборе причины "Личные обстоятельства", поле обязательно к заполнению]]></result><priority_id><![CDATA[2]]></priority_id><sort><![CDATA[8]]></sort><todo_status><![CDATA[0]]></todo_status></item27><item28><id><![CDATA[53811957]]></id><tid><![CDATA[RIP9]]></tid><checklist_group_id><![CDATA[8828626]]></checklist_group_id><action><![CDATA[Нажать на кнопку "Перенести"]]></action><result><![CDATA[Урок перенесен]]></result><priority_id><![CDATA[2]]></priority_id><sort><![CDATA[9]]></sort><todo_status><![CDATA[0]]></todo_status></item28><item29><id><![CDATA[53811958]]></id><tid><![CDATA[RIP10]]></tid><checklist_group_id><![CDATA[8828869]]></checklist_group_id><action><![CDATA[Нажать на кнопку "Отменить урок"]]></action><result><![CDATA[Откроется окно для отмены урока]]></result><priority_id><![CDATA[2]]></priority_id><sort><![CDATA[10]]></sort><todo_status><![CDATA[0]]></todo_status></item29><item30><id><![CDATA[53811959]]></id><tid><![CDATA[RIP11]]></tid><checklist_group_id><![CDATA[8828869]]></checklist_group_id><action><![CDATA[Поле "Отмена по инициативе"]]></action><result><![CDATA[Из выпадающего списка выбираем нужный вариант]]></result><priority_id><![CDATA[2]]></priority_id><sort><![CDATA[11]]></sort><todo_status><![CDATA[0]]></todo_status></item30><item31><id><![CDATA[53811960]]></id><tid><![CDATA[RIP12]]></tid><checklist_group_id><![CDATA[8828869]]></checklist_group_id><action><![CDATA[Поле "Укажите причину отмены"]]></action><result><![CDATA[Из выпадающего списка выбираем причину]]></result><priority_id><![CDATA[2]]></priority_id><sort><![CDATA[12]]></sort><todo_status><![CDATA[0]]></todo_status></item31><item32><id><![CDATA[53811961]]></id><tid><![CDATA[RIP13]]></tid><checklist_group_id><![CDATA[8828869]]></checklist_group_id><action><![CDATA[Нажать кнопку "Отменить урок"]]></action><result><![CDATA[Урок отменен]]></result><priority_id><![CDATA[2]]></priority_id><sort><![CDATA[13]]></sort><todo_status><![CDATA[0]]></todo_status></item32></checklist_option><checklist_option_tag/><tag/><requirement/></data>
